<?xml version="1.0" encoding="UTF-8"?>
<project-private xmlns="http://www.netbeans.org/ns/project-private/1">
    <editor-bookmarks xmlns="http://www.netbeans.org/ns/editor-bookmarks/2" lastBookmarkId="0"/>
    <open-files xmlns="http://www.netbeans.org/ns/projectui-open-files/2">
        <group>
            <file>file:/C:/Users/JC/Downloads/Nueva%20carpeta%20(11)/ExamenUpeu02/src/java/exa02/controller/VentaController.java</file>
            <file>file:/C:/Users/JC/Downloads/Nueva%20carpeta%20(11)/ExamenUpeu02/src/java/exa02/controller/HoladosController.java</file>
            <file>file:/C:/Users/JC/Downloads/Nueva%20carpeta%20(11)/ExamenUpeu02/src/java/exa02/controller/UsuarioController.java</file>
            <file>file:/C:/Users/JC/Downloads/Nueva%20carpeta%20(11)/ExamenUpeu02/web/js/cate.js</file>
            <file>file:/C:/Users/JC/Downloads/Nueva%20carpeta%20(11)/ExamenUpeu02/src/java/exa02/dao/UsuarioDao.java</file>
            <file>file:/C:/Users/JC/Downloads/Nueva%20carpeta%20(11)/ExamenUpeu02/src/java/exa02/dao/VentaDao.java</file>
            <file>file:/C:/Users/JC/Downloads/Nueva%20carpeta%20(11)/ExamenUpeu02/src/java/exa02/dao/ClienteDao.java</file>
            <file>file:/C:/Users/JC/Downloads/Nueva%20carpeta%20(11)/ExamenUpeu02/src/java/exa02/daoimpl/ClienteDaoImpl.java</file>
            <file>file:/C:/Users/JC/Downloads/Nueva%20carpeta%20(11)/ExamenUpeu02/src/java/exa02/controller/PruebaController.java</file>
            <file>file:/C:/Users/JC/Downloads/Nueva%20carpeta%20(11)/ExamenUpeu02/src/java/exa02/daoimpl/UsuarioDaoImpl.java</file>
            <file>file:/C:/Users/JC/Downloads/Nueva%20carpeta%20(11)/ExamenUpeu02/src/java/exa02/model/Venta.java</file>
            <file>file:/C:/Users/JC/Downloads/Nueva%20carpeta%20(11)/ExamenUpeu02/web/index.jsp</file>
            <file>file:/C:/Users/JC/Downloads/Nueva%20carpeta%20(11)/ExamenUpeu02/web/js/clientes.js</file>
            <file>file:/C:/Users/JC/Downloads/Nueva%20carpeta%20(11)/ExamenUpeu02/src/java/exa02/daoimpl/ProductoDaoImpl.java</file>
            <file>file:/C:/Users/JC/Downloads/Nueva%20carpeta%20(11)/ExamenUpeu02/src/java/exa02/controller/SucursalunoController.java</file>
            <file>file:/C:/Users/JC/Downloads/Nueva%20carpeta%20(11)/ExamenUpeu02/src/java/exa02/model/Tablita.java</file>
            <file>file:/C:/Users/JC/Downloads/Nueva%20carpeta%20(11)/ExamenUpeu02/src/java/exa02/model/Detalle.java</file>
            <file>file:/C:/Users/JC/Downloads/Nueva%20carpeta%20(11)/ExamenUpeu02/src/java/exa02/model/Productos.java</file>
            <file>file:/C:/Users/JC/Downloads/Nueva%20carpeta%20(11)/ExamenUpeu02/src/java/exa02/daoimpl/SucursalDaoImpl.java</file>
            <file>file:/C:/Users/JC/Downloads/Nueva%20carpeta%20(11)/ExamenUpeu02/src/java/exa02/model/Sucursal.java</file>
            <file>file:/C:/Users/JC/Downloads/Nueva%20carpeta%20(11)/ExamenUpeu02/src/java/exa02/dao/TablitaDAO.java</file>
            <file>file:/C:/Users/JC/Downloads/Nueva%20carpeta%20(11)/ExamenUpeu02/src/java/exa02/test/Test.java</file>
            <file>file:/C:/Users/JC/Downloads/Nueva%20carpeta%20(11)/ExamenUpeu02/src/java/exa02/daoimpl/VentaDaoImpl.java</file>
            <file>file:/C:/Users/JC/Downloads/Nueva%20carpeta%20(11)/ExamenUpeu02/src/java/exa02/controller/ClienteController.java</file>
            <file>file:/C:/Users/JC/Downloads/Nueva%20carpeta%20(11)/ExamenUpeu02/web/js/sucursal.js</file>
            <file>file:/C:/Users/JC/Downloads/Nueva%20carpeta%20(11)/ExamenUpeu02/src/java/exa02/dao/SucursalDao.java</file>
            <file>file:/C:/Users/JC/Downloads/Nueva%20carpeta%20(11)/ExamenUpeu02/src/java/exa02/model/Usuario.java</file>
            <file>file:/C:/Users/JC/Downloads/Nueva%20carpeta%20(11)/ExamenUpeu02/web/js/vendedor.js</file>
            <file>file:/C:/Users/JC/Downloads/Nueva%20carpeta%20(11)/ExamenUpeu02/src/java/exa02/dao/DetalleDao.java</file>
            <file>file:/C:/Users/JC/Downloads/Nueva%20carpeta%20(11)/ExamenUpeu02/src/java/exa02/daoimpl/TablitaDaoImpl.java</file>
        </group>
    </open-files>
</project-private>
